Repetition,idx_start,idx_end,trim_start_time_s,trim_end_time_s,total_rows,trimmed_rows
Aeros_Flat_1,2089,3256,21.8618,34.0488,3257,1168
Aeros_Flat_2,845,1685,8.8049,17.5342,1686,841
Aeros_Flat_3,990,1597,10.3541,16.6698,1598,608
Aeros_Flat_4,685,1234,7.1353,12.8712,1235,550
Aeros_Flat_5,603,1807,6.3148,18.865,2096,1205
Aeros_Flat_6,603,1367,6.28,14.236,1368,765
Aeros_Flat_7,603,1084,6.3515,11.3695,1085,482
Aeros_Jump_1,1122,1618,11.6935,16.8688,1619,497
Aeros_Jump_2,1807,2318,18.8233,24.151,2319,512
Aeros_Jump_5,1279,1847,13.3147,19.2367,1848,569
Aeros_Jump_6,752,1354,7.8449,14.1316,1356,603
Aeros_Jump_7,439,1041,4.5925,10.8622,2084,603
Aeros_Teeter_1,687,1244,7.1886,13.01,1245,558
Aeros_Teeter_2,1161,1845,12.1473,19.2852,1846,685
Aeros_Teeter_3,472,1286,4.9127,13.4024,1287,815
Aeros_Teeter_4,577,812,6.0143,8.4705,813,236
Aeros_Tunnel_1,230,1014,2.383,10.5007,1015,785
Aeros_Tunnel_2,430,1765,4.4677,18.3157,1766,1336
Aeros_Tunnel_3,338,800,3.4891,8.2726,801,463
Aeros_Tunnel_4,521,988,5.4008,10.2356,989,468
Aeros_Weaves_1,485,1769,5.0352,18.3404,1770,1285
Aeros_Weaves_2,170,1003,1.7626,10.4032,1004,834
Aeros_Weaves_3,2988,3857,40.6791,49.7121,3858,870
Arya_Aframe_1,509,983,3.551,8.5378,984,475
Arya_Aframe_2,726,1163,5.7318,10.3305,1164,438
Arya_Aframe_3,525,1050,3.6109,9.1261,1051,526
Arya_Aframe_4,808,1295,6.5645,11.6784,1296,488
Arya_Dogwalk_1,512,1149,5.4116,12.1101,1150,638
Arya_Dogwalk_2,509,1104,5.0734,11.3673,1105,596
Arya_Dogwalk_3,563,1231,6.1782,13.1755,1232,669
Arya_Dogwalk_4,680,1427,7.1303,14.9772,1428,748
Arya_Flat_1,2909,3336,30.6521,35.1338,3337,428
Arya_Flat_2,1252,1727,13.1653,18.1546,1728,476
Arya_Flat_3,1129,1556,11.8848,16.3783,1557,428
Arya_Flat_4,1137,1775,11.9621,18.6733,1776,639
Arya_Flat_5,616,1185,6.4914,12.4981,1186,570
Arya_Flat_6,490,966,5.1675,10.1648,967,477
Arya_Jump_1,756,1158,7.9373,12.1602,1159,403
Arya_Jump_2,1092,1511,11.5211,15.9189,1512,420
Arya_Jump_3,1122,1523,11.8153,16.0278,1524,402
Arya_Jump_4,655,1135,6.8869,11.9279,1136,481
Arya_Jump_5,674,1095,7.1191,11.5409,1096,422
Arya_Jump_6,698,1182,7.3599,12.4424,1183,485
Arya_Teeter_1,529,1120,5.5869,11.7919,1121,592
Arya_Teeter_2,728,1575,7.6416,16.5307,1576,848
Arya_Teeter_3,507,1237,5.7156,13.1902,1238,731
Arya_Teeter_5,969,1547,10.2379,16.3069,1548,579
Arya_Tunnel_1,486,968,3.2641,8.3257,969,483
Arya_Tunnel_2,822,1325,6.7773,12.0603,1326,504
Arya_Tunnel_3,755,1165,6.0524,10.3576,1166,411
Arya_Tunnel_4,399,864,2.3697,7.2621,865,466
Arya_Weaves_1,554,1677,3.9017,15.704,1678,1124
Arya_Weaves_2,527,1161,3.6504,10.3074,1162,635
Arya_Weaves_3,637,1297,4.7419,11.6946,1298,661
Cayenne_Aframe_1,1565,2075,16.2944,21.6155,2076,511
Cayenne_Aframe_2,585,1015,6.0909,10.5824,1016,431
Cayenne_Aframe_3,785,1199,8.2173,12.5606,1200,415
Cayenne_Aframe_4,565,968,5.8807,10.0911,969,404
Cayenne_Dogwalk_1,1049,1767,11.0541,18.5616,1768,719
Cayenne_Dogwalk_2,740,1414,8.1668,14.969,1415,675
Cayenne_Dogwalk_3,643,1421,6.7556,14.8965,1422,779
Cayenne_Dogwalk_4,912,1529,9.5215,15.9717,1530,618
Cayenne_Flat_1,2261,2735,39.9906,44.9282,2736,475
Cayenne_Flat_2,1533,2130,16.0634,22.2789,2131,598
Cayenne_Flat_3,718,1168,7.5219,12.2119,1169,451
Cayenne_Flat_4,834,1333,9.165,14.3525,1334,500
Cayenne_Flat_5,632,1037,6.7906,10.9969,1038,406
Cayenne_Flat_6,627,1062,6.5959,11.1081,1063,436
Cayenne_Jump_1,405,797,4.2948,8.3704,798,393
Cayenne_Jump_2,524,906,5.4646,9.4382,907,383
Cayenne_Jump_3,600,992,6.3259,10.4052,993,393
Cayenne_Jump_4,587,993,6.305,10.5208,994,407
Cayenne_Jump_5,562,920,6.019,9.7271,921,359
Cayenne_Jump_6,621,1014,6.4572,10.5487,1015,394
Cayenne_Teeter_1,1799,2326,18.9053,24.4146,2327,528
Cayenne_Teeter_2,1050,2097,11.2151,22.1233,2098,1048
Cayenne_Teeter_3,1155,1658,12.1181,17.3798,1659,504
Cayenne_Teeter_4,520,1079,5.4417,11.2681,1080,560
Cayenne_Tunnel_1,846,1259,8.805,13.0983,1260,414
Cayenne_Weaves_1,1857,2441,19.7425,25.6321,2442,585
Cayenne_Weaves_2,487,1132,5.0857,11.8263,1133,646
Cayenne_Weaves_3,977,1536,10.2392,16.0832,1537,560
Cayenne_Weaves_4,493,1058,5.1585,11.0566,1059,566
Chester_Aframe_1,577,1344,6.0024,14.0634,1345,768
Chester_Aframe_2,703,1458,7.3119,15.1961,1459,756
Chester_Aframe_3,551,1425,5.7282,14.8422,1426,875
Chester_Aframe_4,436,1182,4.5217,12.3104,1183,747
Chester_Dogwalk_1,686,1356,7.4378,14.4004,1357,671
Chester_Dogwalk_2,1144,1777,12.1095,18.726,1778,634
Chester_Dogwalk_3,599,1335,6.4359,14.1515,1336,737
Chester_Dogwalk_4,2734,3303,28.8527,34.7949,3304,570
Chester_Flat_1,1008,1488,10.5184,15.5316,1489,481
Chester_Flat_2,631,1067,6.5917,11.1351,1068,437
Chester_Flat_3,717,1089,7.4871,11.3687,1090,373
Chester_Flat_5,1034,1448,10.7932,15.1024,1449,415
Chester_Flat_6,712,1290,7.4398,13.4554,1291,579
Chester_Jump_1,732,1185,7.6582,12.3937,1186,454
Chester_Jump_2,882,1253,9.2135,13.0894,1254,372
Chester_Jump_3,753,1173,7.8689,12.2447,1174,421
Chester_Jump_4,924,1402,9.6855,14.6578,1403,479
Chester_Jump_5,746,1172,7.7815,12.2137,1173,427
Chester_Jump_6,771,1281,8.049,13.3512,1282,511
Chester_Teeter_1,486,1071,4.9491,11.043,1072,586
Chester_Teeter_2,930,1514,9.8366,15.9738,1515,585
Chester_Teeter_3,465,1193,4.8461,12.4829,1194,729
Chester_Teeter_4,493,1155,5.1359,12.0489,1156,663
Chester_Tunnel_1,677,1126,7.0814,11.7512,1127,450
Chester_Tunnel_2,916,1267,9.5865,13.2422,1268,352
Chester_Tunnel_3,737,1168,7.7116,12.1996,1169,432
Chester_Weaves_1,541,1178,5.6365,12.2952,1179,638
Chester_Weaves_2,482,1143,4.764,11.6533,1144,662
Chester_Weaves_3,355,909,3.7145,9.5011,910,555
Chester_Weaves_4,510,1137,5.3491,11.901,1138,628
Delta_Aframe_1,901,1405,9.4706,14.7757,1406,505
Delta_Aframe_2,1386,1884,14.5757,19.8044,1885,499
Delta_Aframe_3,1002,1488,10.5272,15.6289,1489,487
Delta_Aframe_4,1147,1583,12.0524,16.629,1584,437
Delta_Dogwalk_1,1771,2713,18.7065,28.6867,2714,943
Delta_Dogwalk_2,859,1491,9.5711,16.2282,1492,633
Delta_Dogwalk_3,1376,1971,14.6441,20.9182,1972,596
Delta_Dogwalk_4,750,1265,7.8721,13.3096,1266,516
Delta_Flat_1,1057,1463,11.2921,15.5849,1464,407
Delta_Flat_2,2427,2915,25.5548,30.6762,2916,489
Delta_Flat_3,886,1293,9.6545,13.8843,1294,408
Delta_Flat_4,1410,1903,15.2328,20.3703,1904,494
Delta_Flat_5,1146,1566,12.1278,16.5498,1567,421
Delta_Flat_6,1213,1566,13.1696,16.905,1567,354
Delta_Jump_1,1974,2310,20.8351,24.3613,2311,337
Delta_Jump_2,823,1160,8.6689,12.2107,1161,338
Delta_Jump_3,1223,1617,12.8385,16.988,1618,395
Delta_Jump_4,1572,1899,16.5046,19.9384,1900,328
Delta_Jump_5,1607,1979,16.925,20.8308,1980,373
Delta_Jump_6,1953,2268,20.5365,23.856,2269,316
Delta_Teeter_1,1501,1999,16.1686,21.3937,2000,499
Delta_Teeter_2,1723,2225,18.4218,23.693,2226,503
Delta_Teeter_3,1953,2565,20.6287,27.0538,2566,613
Delta_Teeter_4,1340,1877,14.1655,19.8037,1878,538
Delta_Tunnel_1,1393,1783,14.6241,18.7205,1784,391
Delta_Tunnel_2,680,1080,7.1412,11.3589,1081,401
Delta_Tunnel_3,972,1506,10.2052,15.8217,1507,535
Delta_Weaves_1,618,1135,6.4997,11.9288,1136,518
Delta_Weaves_2,1499,2204,15.7706,23.1834,2205,706
Delta_Weaves_3,1361,1922,14.3181,20.2267,1923,562
Delta_Weaves_4,1111,1671,11.6696,17.5485,1672,561
Derby_Aframe_1,428,928,4.4764,9.6928,929,501
Derby_Aframe_2,269,745,2.7952,7.7678,746,477
Derby_Aframe_3,511,949,5.3,9.8659,950,439
Derby_Aframe_4,621,1360,6.4488,14.1659,1361,740
Derby_Dogwalk_1,310,1077,3.2306,11.2423,1078,768
Derby_Dogwalk_2,509,1322,5.4023,13.8728,1323,814
Derby_Dogwalk_3,274,1193,2.8484,12.4438,1194,920
Derby_Dogwalk_4,338,1205,3.5322,12.5936,1206,868
Derby_Flat_1,984,1586,10.1369,16.3303,1587,603
Derby_Flat_2,749,1208,7.8645,12.64,1209,460
Derby_Flat_3,958,1426,9.8815,14.7188,1427,469
Derby_Flat_4,864,1326,8.914,13.6763,1327,463
Derby_Flat_5,958,1337,9.9058,13.8222,1338,380
Derby_Flat_6,1155,1569,12.2377,16.5082,1570,415
Derby_Jump_1,633,1029,6.5455,10.6385,1030,397
Derby_Jump_2,1176,1552,12.1521,16.0375,1553,377
Derby_Jump_3,1413,1794,14.6499,18.5899,1795,382
Derby_Jump_4,781,1157,8.0804,11.9625,1158,377
Derby_Jump_5,872,1241,9.0104,12.8514,1242,370
Derby_Jump_6,994,1457,10.2697,15.0413,1458,464
Derby_Teeter_1,388,957,4.0329,10.0198,958,570
Derby_Teeter_2,699,1342,7.3026,14.0368,1343,644
Derby_Teeter_3,199,832,2.0756,8.7086,833,634
Derby_Teeter_4,927,1570,9.6524,16.3806,1571,644
Derby_Tunnel_1,242,769,2.5115,7.9437,770,528
Derby_Tunnel_2,451,926,4.651,9.5416,927,476
Derby_Tunnel_3,406,976,4.1907,10.0767,977,571
Derby_Weaves_1,206,968,2.1517,10.0865,969,763
Derby_Weaves_2,373,996,3.9361,10.4339,997,624
Derby_Weaves_3,304,1000,3.1995,10.4474,1001,697
Derby_Weaves_4,244,955,2.5455,9.9608,956,712
Dolphin_Aframe_1,994,997,10.3033,10.332,1564,4
Dolphin_Aframe_2,620,623,6.4684,6.4985,1247,4
Dolphin_Aframe_3,593,596,6.141,6.1711,1086,4
Dolphin_Aframe_4,551,554,5.7207,5.7519,1122,4
Dolphin_Flat_1,516,1341,5.3888,13.9578,1342,826
Dolphin_Flat_2,692,1231,7.1966,12.81,1232,540
Dolphin_Flat_3,471,998,4.9023,10.3984,999,528
Dolphin_Flat_4,560,1072,5.8721,11.2274,1073,513
Dolphin_Flat_5,470,850,4.9163,8.8996,851,381
Dolphin_Flat_6,573,1232,6.0404,12.9596,1233,660
Dolphin_Flat_7,577,943,6.2265,10.0376,944,367
Dolphin_Jump_1,585,1052,6.1096,10.9862,1053,468
Dolphin_Jump_2,621,1165,6.4958,12.1945,1166,545
Dolphin_Jump_3,475,1311,4.9827,13.7266,1312,837
Dolphin_Jump_4,458,922,4.8046,9.6701,923,465
Dolphin_Jump_5,437,922,4.5739,9.6515,923,486
Dolphin_Jump_6,341,856,3.5603,8.9537,857,516
Dolphin_Teeter_1,529,1091,5.4818,11.3233,1092,563
Dolphin_Teeter_2,459,1026,4.7879,10.6653,1027,568
Dolphin_Teeter_3,262,762,2.7419,7.9122,763,501
Dolphin_Teeter_4,336,946,3.485,9.7954,947,611
Dolphin_Tunnel_1,529,1046,5.5475,10.9616,1047,518
Dolphin_Weaves_1,354,1057,3.9442,11.0779,1058,704
Dolphin_Weaves_2,340,1021,3.5831,10.654,1022,682
Dolphin_Weaves_3,457,1076,4.7623,11.1581,1077,620
Dolphin_Weaves_4,494,1148,5.1346,11.8927,1149,655
Goose_Aframe_1,983,1332,10.2006,13.8233,1333,350
Goose_Aframe_2,921,1388,9.55,14.3867,1389,468
Goose_Aframe_3,796,1155,8.2639,11.9844,1156,360
Goose_Aframe_4,1193,1519,12.4857,15.8612,1520,327
Goose_Dogwalk_1,913,1388,9.5575,14.4813,1389,476
Goose_Dogwalk_2,758,1170,7.8429,12.098,1171,413
Goose_Dogwalk_3,711,1181,7.3761,12.2282,1182,471
Goose_Dogwalk_4,881,1257,9.0431,12.9373,1258,377
Goose_Flat_1,1753,2142,18.5337,22.6144,2143,390
Goose_Flat_2,1248,1677,13.0927,17.5906,1678,430
Goose_Flat_3,1457,1939,15.2424,20.2875,1940,483
Goose_Flat_4,450,874,4.7409,9.1546,875,425
Goose_Flat_5,465,890,4.9665,9.4188,891,426
Goose_Flat_6,677,1122,7.2893,11.9477,1123,446
Goose_Jump_1,1448,1840,15.292,19.4064,1841,393
Goose_Jump_2,836,1178,8.7407,12.3221,1179,343
Goose_Jump_3,747,1181,7.9977,12.545,1182,435
Goose_Jump_4,684,1065,8.3795,12.1524,1066,382
Goose_Jump_5,863,1235,9.094,12.9901,1236,373
Goose_Jump_6,786,1203,8.5456,12.8598,1204,418
Goose_Teeter_1,1287,1705,13.4456,17.8207,1706,419
Goose_Teeter_2,691,1090,7.2288,11.3995,1091,400
Goose_Teeter_3,611,1064,6.3147,11.0106,1065,454
Goose_Teeter_4,761,1238,7.854,12.7797,1239,478
Goose_Tunnel_1,2140,2556,35.3773,39.7546,2557,417
Goose_Tunnel_2,1140,1558,12.2378,16.5953,1559,419
Goose_Tunnel_3,1058,1345,11.1749,14.1873,1346,288
Goose_Weaves_1,717,1258,7.4687,13.0566,1259,542
Goose_Weaves_2,491,964,5.0659,9.9664,965,474
Goose_Weaves_3,445,974,4.6635,10.1345,975,530
Goose_Weaves_4,625,1140,6.5146,11.8332,1141,516
Izzy_Aframe_1,693,1218,7.2165,12.6811,1219,526
Izzy_Aframe_2,653,1064,6.7865,11.0729,1065,412
Izzy_Aframe_3,640,1104,6.6629,11.5109,1105,465
Izzy_Aframe_4,606,1146,6.4373,12.0808,1147,541
Izzy_Dogwalk_1,485,1210,5.0772,12.6646,1211,726
Izzy_Dogwalk_2,593,1277,6.1752,13.3226,1278,685
Izzy_Dogwalk_3,425,1192,4.4328,12.4447,1193,768
Izzy_Dogwalk_4,394,1089,4.1073,11.356,1090,696
Izzy_Flat_1,450,947,4.6857,9.8453,948,498
Izzy_Flat_2,555,1038,5.7848,10.8099,1039,484
Izzy_Flat_4,1216,1669,35.4619,40.1868,1670,454
Izzy_Flat_5,453,931,4.7283,9.7011,932,479
Izzy_Flat_6,477,896,4.8393,9.1685,897,420
Izzy_Flat_7,840,1274,8.7241,13.1929,1275,435
Izzy_Jump_1,497,928,5.152,9.5905,929,432
Izzy_Jump_2,516,1039,5.3432,10.7372,1040,524
Izzy_Jump_3,450,872,4.6668,9.0259,873,423
Izzy_Jump_4,174,724,1.8072,7.5476,725,551
Izzy_Jump_5,634,1019,6.5823,10.5872,1020,386
Izzy_Jump_6,1156,1510,12.0257,15.7109,1511,355
Izzy_Teeter_1,548,1049,5.7081,10.9887,1050,502
Izzy_Teeter_2,427,971,4.5168,10.1888,972,545
Izzy_Teeter_3,406,875,4.2552,9.1536,876,470
Izzy_Teeter_4,6,415,0.0624,4.3318,416,410
Izzy_Teeter_5,312,829,3.2384,8.6391,830,518
Izzy_Tunnel_1,664,1183,6.9138,12.3255,1184,520
Izzy_Tunnel_2,521,1009,5.4691,10.57,1010,489
Izzy_Tunnel_3,582,1234,6.2369,13.053,1235,653
Izzy_Weaves_1,670,1424,6.9988,14.8666,1425,755
Izzy_Weaves_2,550,1434,5.7356,14.944,1435,885
Izzy_Weaves_3,332,1057,3.478,11.0182,1058,726
Izzy_Weaves_4,1220,1978,12.7704,20.6558,1979,759
Jax_Flat_1,877,1331,9.286,14.0197,1332,455
Jax_Flat_2,1368,1999,14.4038,20.9988,2000,632
Jax_Flat_3,1287,1691,14.7427,18.7792,1692,405
Jax_Flat_4,1457,1930,15.3193,20.2594,1931,474
Jax_Flat_5,1451,2089,15.2245,21.8958,2090,639
Jax_Flat_6,2211,2648,25.324,29.8208,2649,438
Jax_Jump_1,1011,1388,10.6374,14.5736,1389,378
Jax_Jump_2,770,1200,8.0758,12.5652,1201,431
Jax_Jump_3,1954,2385,20.4728,24.9721,2386,432
Jax_Jump_4,1088,1522,11.7396,16.2794,1523,435
Jax_Jump_5,852,1228,8.9105,12.8381,1229,377
Jax_Jump_6,934,1353,9.7743,14.1566,1354,420
Jax_Tunnel_1,1911,2426,20.153,25.527,2427,516
Jax_Tunnel_2,1784,2313,18.6555,24.1805,2314,530
Jax_Tunnel_3,1590,2062,16.6233,21.5613,2063,473
Jyn_Aframe_1,1000,1524,10.5502,16.0524,1525,525
Jyn_Aframe_2,511,933,5.365,9.8057,934,423
Jyn_Aframe_3,829,1343,8.7163,14.1411,1344,515
Jyn_Aframe_4,886,1420,9.3205,14.9273,1421,535
Jyn_Dogwalk_1,761,1404,8.0399,14.8005,1405,644
Jyn_Dogwalk_2,762,1307,8.1355,13.8752,1308,546
Jyn_Dogwalk_3,1136,1693,11.9798,17.8125,1694,558
Jyn_Dogwalk_4,688,1307,7.3899,13.7725,1308,620
Jyn_Flat_1,1341,1692,14.1571,17.8411,1693,352
Jyn_Flat_2,1126,1478,11.8651,15.5593,1479,353
Jyn_Flat_3,690,1105,7.2508,11.6195,1106,416
Jyn_Flat_4,818,1181,8.6124,12.434,1182,364
Jyn_Flat_5,923,1294,9.7162,13.615,1295,372
Jyn_Flat_6,744,1067,7.8629,11.2511,1068,324
Jyn_Jump_1,1506,2051,15.8062,21.529,2052,546
Jyn_Jump_2,901,1368,9.4727,14.3723,1369,468
Jyn_Jump_3,1076,1606,11.3082,16.8682,1607,531
Jyn_Jump_4,856,1263,9.0113,13.268,1264,408
Jyn_Jump_5,1165,1788,12.2439,18.7838,1843,624
Jyn_Jump_6,1152,1493,12.1384,15.7196,1494,342
Jyn_Teeter_1,456,975,4.7442,10.2574,976,520
Jyn_Teeter_2,731,1344,7.6745,14.1968,1345,614
Jyn_Teeter_3,547,1045,5.7615,11.1698,1046,499
Jyn_Teeter_4,969,1516,10.2709,16.0127,1517,548
Jyn_Tunnel_1,323,815,3.3934,8.5995,816,493
Jyn_Tunnel_2,3194,3664,33.5393,38.4727,3665,471
Jyn_Tunnel_3,992,1408,10.4357,14.8128,1409,417
Jyn_Weaves_1,1971,2595,20.8142,27.39,2596,625
Jyn_Weaves_2,233,787,2.4438,8.2956,788,555
Jyn_Weaves_3,771,1411,8.1156,14.8564,1412,641
Jyn_Weaves_4,705,1326,7.4429,13.974,1327,622
Kahlua_Aframe_1,789,1507,8.2491,15.7602,1508,719
Kahlua_Aframe_2,292,1088,3.0578,11.3924,1089,797
Kahlua_Aframe_3,171,791,1.8059,8.2936,792,621
Kahlua_Aframe_4,339,1048,3.5345,10.9559,1049,710
Kahlua_Dogwalk_1,447,1302,4.6816,13.6493,1303,856
Kahlua_Dogwalk_2,461,1336,4.834,14.0049,1343,876
Kahlua_Dogwalk_3,549,1424,5.7455,14.9431,1430,876
Kahlua_Dogwalk_4,693,1513,7.3301,15.9462,1514,821
Kahlua_Flat_1,1183,1799,12.432,18.9266,1800,617
Kahlua_Flat_2,360,972,3.8166,10.2476,973,613
Kahlua_Flat_3,437,1036,4.6185,10.9181,1037,600
Kahlua_Flat_4,422,936,4.4629,9.8645,937,515
Kahlua_Flat_5,626,1092,6.589,11.4813,1093,467
Kahlua_Flat_6,530,1042,5.5774,10.9578,1043,513
Kahlua_Jump_1,1450,2064,15.1921,21.6547,2065,615
Kahlua_Jump_2,816,1107,8.562,11.6059,1108,292
Kahlua_Jump_3,1060,1372,11.1051,14.376,1373,313
Kahlua_Jump_4,499,841,5.2314,8.8141,842,343
Kahlua_Jump_5,717,1163,7.5072,12.1876,1164,447
Kahlua_Jump_6,659,1140,6.9113,11.9468,1141,482
Kahlua_Teeter_1,822,1572,8.7063,16.5891,1573,751
Kahlua_Teeter_2,1179,1918,12.375,20.1278,1919,740
Kahlua_Teeter_3,17,673,0.131,6.9575,674,657
Kahlua_Teeter_4,457,1123,4.7507,11.7352,1124,667
Kahlua_Tunnel_1,649,1151,6.7932,12.0548,1152,503
Kahlua_Tunnel_2,449,923,4.7038,9.6717,924,475
Kahlua_Tunnel_3,486,987,5.0846,10.3288,988,502
Kahlua_Tunnel_4,646,1146,7.5585,12.7933,1147,501
Kahlua_Weaves_1,431,1084,4.482,11.3222,1085,654
Kahlua_Weaves_2,226,849,2.8408,9.3717,850,624
Kahlua_Weaves_3,409,1015,4.3965,10.7535,1016,607
Kahlua_Weaves_4,224,923,2.3471,9.6707,932,700
Nico_Aframe_1,1030,1588,10.766,16.5839,1589,559
Nico_Aframe_2,308,842,3.2062,8.7789,843,535
Nico_Aframe_3,759,1550,7.9197,16.1808,1551,792
Nico_Aframe_4,904,1508,9.4345,15.705,1509,605
Nico_Dogwalk_1,558,1514,5.8133,15.791,1515,957
Nico_Dogwalk_2,1268,1991,13.5364,21.1014,1992,724
Nico_Dogwalk_3,527,1325,5.5475,13.8852,1326,799
Nico_Flat_1,2107,2587,22.219,27.2298,2588,481
Nico_Flat_2,1136,1657,11.9174,17.371,1658,522
Nico_Flat_3,713,1165,7.5053,12.2251,1166,453
Nico_Flat_4,537,1046,5.6719,11.0033,1047,510
Nico_Flat_5,1229,1681,13.3347,18.0703,1682,453
Nico_Flat_6,1287,1752,13.4792,18.3412,1753,466
Nico_Jump_1,795,1168,8.3795,12.288,1169,374
Nico_Jump_2,1871,2372,19.7319,24.9657,2373,502
Nico_Jump_3,862,1304,9.0529,13.6813,1305,443
Nico_Jump_4,671,1148,7.103,12.0953,1149,478
Nico_Jump_5,1470,1948,100.3277,105.3102,1949,479
Nico_Jump_6,891,1382,9.2859,14.401,1383,492
Nico_Teeter_1,915,1333,19.9001,24.2624,1334,419
Nico_Teeter_2,373,785,3.892,8.1947,786,413
Nico_Teeter_3,571,1064,5.9431,11.0417,1065,494
Nico_Teeter_4,815,1306,8.4646,13.5541,1307,492
Nico_Tunnel_1,1029,1730,10.7534,18.0643,1731,702
Nico_Tunnel_2,649,1909,6.7766,19.896,1981,1261
Nico_Tunnel_3,809,1276,8.4502,13.3135,1277,468
Nico_Weaves_1,95,761,0.9961,7.9384,762,667
Nico_Weaves_2,579,1155,5.9674,11.9771,1156,577
Nico_Weaves_3,1054,1626,10.977,16.8921,1627,573
Nico_Weaves_4,527,1273,5.4567,13.1632,1274,747
Noodle_Aframe_1,1176,2028,25.2556,34.1501,2029,853
Noodle_Aframe_2,513,1054,5.4218,11.0618,1055,542
Noodle_Aframe_3,395,925,4.1039,9.6458,926,531
Noodle_Aframe_4,542,1170,5.6436,12.1775,1171,629
Noodle_Dogwalk_1,364,1173,3.8036,12.2693,1174,810
Noodle_Dogwalk_2,464,1182,4.8393,12.3459,1183,719
Noodle_Dogwalk_3,330,1119,3.4436,11.6894,1120,790
Noodle_Dogwalk_4,362,1062,3.7907,11.1083,1063,701
Noodle_Flat_1,973,3069,10.1861,32.0835,3070,2097
Noodle_Flat_2,586,940,6.3235,9.9342,941,355
Noodle_Flat_3,866,1353,9.0434,14.1497,1354,488
Noodle_Flat_4,788,1663,8.2226,17.3688,1664,876
Noodle_Flat_5,1239,1772,13.068,18.6356,1773,534
Noodle_Flat_6,1327,1892,14.0652,19.8045,1893,566
Noodle_Flat_7,586,1032,6.176,10.8423,1033,447
Noodle_Jump_1,564,1084,5.9145,11.3493,1085,521
Noodle_Jump_2,645,1178,6.8069,12.3721,1179,534
Noodle_Jump_3,779,1216,8.1446,12.7117,1217,438
Noodle_Jump_4,791,1225,8.2964,12.8317,1226,435
Noodle_Jump_5,756,1237,8.0468,12.9748,1238,482
Noodle_Jump_6,590,1092,6.1457,11.4464,1093,503
Noodle_Teeter_1,759,1262,8.0688,13.2987,1263,504
Noodle_Teeter_2,382,1006,3.995,10.542,1007,625
Noodle_Teeter_4,542,1194,5.6788,12.5008,1195,653
Noodle_Teeter_5,411,946,4.3152,9.9099,947,536
Noodle_Tunnel_1,321,678,3.378,7.1058,679,358
Noodle_Tunnel_2,584,928,6.1019,9.7031,929,345
Noodle_Weaves_1,470,1260,4.8993,13.1422,1261,791
Noodle_Weaves_2,477,1118,4.9996,11.6781,1119,642
Noodle_Weaves_3,1040,1664,10.8424,17.3537,1665,625
Noodle_Weaves_4,433,1107,4.5146,11.589,1108,675
Pizza_Aframe_1,558,1113,5.8892,11.6784,1114,556
Pizza_Aframe_2,524,1201,5.447,12.5259,1202,678
Pizza_Aframe_3,1027,1652,10.6969,17.217,1653,626
Pizza_Aframe_4,574,1130,5.9811,11.8009,1131,557
Pizza_Dogwalk_1,581,1281,6.0759,13.3943,1282,701
Pizza_Dogwalk_2,771,1371,8.0553,14.319,1372,601
Pizza_Dogwalk_3,630,1280,6.6272,13.4264,1281,651
Pizza_Dogwalk_4,2581,3399,27.1142,35.6603,3400,819
Pizza_Flat_1,1072,1657,11.1869,17.3031,1658,586
Pizza_Flat_2,909,1330,9.4923,13.9049,1331,422
Pizza_Flat_3,426,873,4.4667,9.1403,874,448
Pizza_Flat_4,865,1294,9.0424,13.5362,1295,430
Pizza_Flat_5,907,1332,9.4332,13.8408,1333,426
Pizza_Flat_6,643,1072,6.6646,11.1216,1073,430
Pizza_Flat_7,854,1354,8.8558,14.0518,1355,501
Pizza_Jump_1,1059,1059,10.9861,10.9861,1350,1
Pizza_Jump_2,916,916,9.5193,9.5193,1185,1
Pizza_Jump_3,684,684,7.1044,7.1044,1028,1
Pizza_Jump_4,938,938,9.7187,9.7187,1232,1
Pizza_Jump_5,1049,1049,10.8833,10.8833,1320,1
Pizza_Jump_6,1039,1039,10.7873,10.7873,1356,1
Pizza_Teeter_1,663,1264,6.9847,13.2557,1265,602
Pizza_Teeter_2,431,905,4.3374,9.2922,906,475
Pizza_Teeter_3,955,1531,9.9744,15.9954,1532,577
Pizza_Teeter_4,856,1443,9.019,15.1586,1444,588
Pizza_Tunnel_1,2618,3061,52.431,57.0138,3062,444
Pizza_Tunnel_2,471,970,4.8918,10.0401,971,500
Pizza_Tunnel_3,458,889,4.7278,9.184,890,432
Pizza_Weaves_2,390,1125,4.0753,11.7538,1126,736
Pizza_Weaves_3,470,1096,4.9182,11.4503,1097,627
Pizza_Weaves_4,646,1330,6.7655,13.912,1331,685
Pizza_Weaves_5,749,1470,7.8082,15.3412,1471,722
Raina_Aframe_1,1886,2390,19.4644,24.6786,2391,505
Raina_Aframe_2,951,1445,9.8359,14.9356,1446,495
Raina_Aframe_3,1310,1781,13.5271,18.3817,1782,472
Raina_Aframe_4,839,1361,8.7087,14.1033,1362,523
Raina_Dogwalk_1,2899,3346,30.2122,34.8766,3347,448
Raina_Dogwalk_2,895,1448,9.3236,15.1339,1449,554
Raina_Dogwalk_3,1877,2362,20.2147,25.1054,2363,486
Raina_Dogwalk_4,1071,1535,11.218,16.0703,1536,465
Raina_Flat_1,2385,3004,24.8293,31.3185,3005,620
Raina_Flat_2,6811,7701,70.8506,80.1807,7702,891
Raina_Flat_3,1250,1879,13.1416,19.7134,1880,630
Raina_Flat_4,1290,1952,13.4588,20.3971,1953,663
Raina_Flat_5,908,1395,9.5042,14.5991,1396,488
Raina_Flat_6,1095,1609,11.418,16.7943,1610,515
Raina_Jump_1,4693,5176,49.276,54.3506,5177,484
Raina_Jump_2,1233,1561,12.9249,16.3572,1562,329
Raina_Jump_3,1238,1839,12.9303,19.2248,2472,602
Raina_Jump_4,659,1032,6.8974,10.7948,1033,374
Raina_Jump_5,984,1297,10.2699,13.5427,1298,314
Raina_Jump_6,701,1124,7.3247,11.7636,1125,424
Raina_Jump_7,1338,1654,14.0568,17.3668,1655,317
Raina_Teeter_1,1855,2373,19.477,24.9056,2374,519
Raina_Teeter_2,1413,1968,14.806,20.6798,1969,556
Raina_Teeter_3,740,1209,7.7428,12.649,1210,470
Raina_Teeter_4,830,1337,8.7459,14.0508,1338,508
Raina_Tunnel_1,5394,5879,56.641,61.7128,5880,486
Raina_Tunnel_2,2203,2709,22.99,28.2711,2710,507
Raina_Tunnel_3,431,965,4.503,10.068,966,535
Raina_Weaves_1,710,1362,7.4014,14.202,1363,653
Raina_Weaves_2,444,1262,4.5999,13.1106,1263,819
Raina_Weaves_3,607,1283,6.3036,13.3764,1284,677
Raina_Weaves_4,682,1321,7.0995,13.7652,1322,640
Revv_Aframe_1,247,790,2.6852,8.3164,791,544
Revv_Aframe_2,1443,1946,148.6321,153.8825,1947,504
Revv_Aframe_3,705,1070,7.3405,11.172,1071,366
Revv_Aframe_4,1146,1728,11.9243,18.0018,1729,583
Revv_Dogwalk_1,636,1338,6.6358,13.9958,1339,703
Revv_Dogwalk_2,758,1575,7.9337,16.4737,1921,818
Revv_Dogwalk_3,652,1229,6.7083,12.7352,1230,578
Revv_Dogwalk_4,645,1304,6.7652,13.8789,1305,660
Revv_Flat_1,888,1353,9.2894,14.133,1354,466
Revv_Flat_2,568,1023,6.0145,10.7394,1024,456
Revv_Flat_3,975,1413,10.3238,14.8621,1414,439
Revv_Flat_4,688,1198,7.2027,12.5089,1220,511
Revv_Flat_5,272,782,2.8349,8.1376,1120,511
Revv_Flat_6,272,782,2.856,8.2671,1242,511
Revv_Jump_1,1168,1585,13.9021,18.2431,1586,418
Revv_Jump_2,721,1179,7.6136,12.3562,1180,459
Revv_Jump_3,798,1296,8.4334,13.6216,1297,499
Revv_Jump_4,879,1353,9.5124,14.4378,1354,475
Revv_Jump_5,912,1406,9.522,14.6724,1407,495
Revv_Jump_6,1160,1631,12.4306,17.1312,1632,472
Revv_Teeter_1,791,1328,8.2294,13.801,1329,538
Revv_Teeter_2,474,869,4.9168,9.0102,870,396
Revv_Teeter_3,349,749,3.6206,7.7767,750,401
Revv_Teeter_4,444,1002,4.6417,10.4762,1003,559
Revv_Teeter_5,468,998,4.9868,10.5283,999,531
Revv_Tunnel_1,1555,2064,16.4373,21.713,2065,510
Revv_Tunnel_2,755,1235,7.9058,12.9299,1236,481
Revv_Tunnel_3,609,1070,6.4015,11.2312,1071,462
Revv_Weaves_1,787,1367,8.2299,14.296,1368,581
Revv_Weaves_2,762,1297,7.9777,13.5646,1298,536
Revv_Weaves_3,762,1710,8.0762,17.988,1776,949
Revv_Weaves_4,516,1044,5.4433,10.9212,1045,529
Revv_Weaves_5,760,1393,8.0513,14.6648,1394,634
Rockett_Aframe_1,455,1095,4.761,11.4718,1096,641
Rockett_Aframe_2,705,1313,7.3958,13.7707,1314,609
Rockett_Aframe_3,211,666,2.1813,6.9356,667,456
Rockett_Aframe_4,668,1226,6.9782,12.8368,1227,559
Rockett_Dogwalk_1,443,1201,4.6518,12.5865,1202,759
Rockett_Dogwalk_2,460,1225,4.8175,12.8342,1226,766
Rockett_Dogwalk_3,441,1289,4.6083,13.4954,1290,849
Rockett_Dogwalk_4,487,1254,5.0953,13.1725,1255,768
Rockett_Flat_1,722,1711,7.5655,17.9454,1712,990
Rockett_Flat_2,446,978,4.6905,10.2685,979,533
Rockett_Flat_3,436,1029,4.6084,10.7991,1030,594
Rockett_Flat_4,462,978,4.8448,10.2969,979,517
Rockett_Flat_5,551,1113,5.7779,11.6755,1114,563
Rockett_Flat_6,384,1001,4.0273,10.5002,1002,618
Rockett_Flat_7,684,1400,7.1734,14.6888,1401,717
Rockett_Jump_2,635,1291,6.6795,13.563,1292,657
Rockett_Jump_3,580,946,6.1138,9.9568,947,367
Rockett_Jump_4,574,970,6.0172,10.1763,971,397
Rockett_Jump_5,710,1094,7.4475,11.4802,1095,385
Rockett_Jump_6,488,862,5.1255,9.0519,863,375
Rockett_Jump_7,304,978,3.192,10.2705,979,675
Rockett_Teeter_1,657,1205,6.9164,12.6657,1206,549
Rockett_Teeter_2,546,1189,5.8595,12.6002,1190,644
Rockett_Teeter_3,749,1348,8.0826,14.3594,1349,600
Rockett_Teeter_4,585,1082,6.1243,11.3259,1083,498
Rockett_Tunnel_1,492,1093,5.1635,11.4787,1094,602
Rockett_Tunnel_2,471,849,4.9482,8.9145,850,379
Rockett_Tunnel_3,720,1173,7.5652,12.3123,1174,454
Rockett_Weaves_1,418,1231,4.3863,12.8975,1232,814
Rockett_Weaves_2,501,1156,5.3201,12.1797,1157,656
Rockett_Weaves_3,592,1252,6.2469,13.3739,1253,661
Rumchata_Aframe_1,314,947,3.2732,9.8984,948,634
Rumchata_Aframe_2,393,910,4.0974,9.5043,911,518
Rumchata_Aframe_3,380,817,3.962,8.5291,818,438
Rumchata_Aframe_4,358,747,3.7421,7.8052,748,390
Rumchata_Dogwalk_1,710,1235,7.4286,12.9143,1236,526
Rumchata_Dogwalk_2,2008,2673,21.0439,28.0077,2674,666
Rumchata_Dogwalk_4,1967,2668,43.023,50.3955,2669,702
Rumchata_Flat_1,1113,1930,11.5973,20.0985,1931,818
Rumchata_Flat_2,1446,1845,15.0093,19.139,1846,400
Rumchata_Flat_3,1673,2146,17.3968,22.2981,2147,474
Rumchata_Flat_4,877,1589,9.1246,16.505,1590,713
Rumchata_Flat_5,1083,1535,11.2143,15.9012,1536,453
Rumchata_Flat_6,1093,1639,11.3454,17.0054,1640,547
Rumchata_Jump_1,1979,2372,20.5641,24.6368,2373,394
Rumchata_Jump_2,1290,1624,13.3626,16.8111,1625,335
Rumchata_Jump_4,679,1111,7.0848,11.5956,1112,433
Rumchata_Jump_5,921,1284,9.5619,13.3571,1285,364
Rumchata_Jump_6,1051,1509,10.9832,15.7719,1510,459
Rumchata_Jump_7,973,1379,10.1706,14.433,1380,407
Rumchata_Teeter_1,552,1203,5.7723,12.6112,1204,652
Rumchata_Teeter_2,391,870,4.0831,9.0985,871,480
Rumchata_Teeter_3,471,932,4.9259,9.7567,933,462
Rumchata_Teeter_4,938,1415,24.6583,29.6813,1416,478
Rumchata_Tunnel_1,984,1490,10.3441,15.636,1491,507
Rumchata_Tunnel_2,796,1271,8.3679,13.3306,1272,476
Rumchata_Tunnel_3,690,1066,7.3247,11.2631,1067,377
Rumchata_Weaves_1,337,882,3.5225,9.2259,883,546
Rumchata_Weaves_2,349,901,3.7698,9.5464,908,553
Rumchata_Weaves_3,308,855,3.2173,8.9384,856,548
Rumchata_Weaves_4,195,747,2.1621,7.9374,758,553
Sass_Aframe_1,1927,2501,20.1073,26.1397,2502,575
Sass_Aframe_2,1469,2008,15.5426,21.2034,2009,540
Sass_Aframe_3,827,1388,8.6824,14.5842,1389,562
Sass_Aframe_4,771,1464,8.0544,15.3323,1465,694
Sass_Dogwalk_1,1924,2933,20.2147,30.8198,2934,1010
Sass_Dogwalk_2,649,1366,6.8134,14.3435,1367,718
Sass_Dogwalk_3,726,1602,7.636,16.8515,1603,877
Sass_Dogwalk_4,2191,2940,23.1319,30.9977,2941,750
Sass_Flat_1,2988,3446,31.4763,36.2843,3447,459
Sass_Flat_2,1534,1923,16.1924,20.2884,1924,390
Sass_Flat_3,1131,1534,11.9735,16.2242,1535,404
Sass_Flat_4,1008,1426,10.6578,15.045,1427,419
Sass_Flat_5,1490,1897,15.6688,19.9598,1898,408
Sass_Flat_6,2048,2468,21.5448,25.974,2469,421
Sass_Jump_1,1294,1851,13.5925,19.4343,1852,558
Sass_Jump_2,1350,1742,14.2478,18.3691,1743,393
Sass_Teeter_1,2014,2548,21.2118,26.8259,2549,535
Sass_Teeter_2,791,1325,8.3455,13.9634,1326,535
Sass_Teeter_3,1130,1638,12.2348,17.5685,1639,509
Sass_Teeter_4,1003,1522,10.6456,16.0934,1523,520
Sass_Tunnel_1,1027,1452,10.7943,15.2597,1453,426
Sass_Tunnel_2,722,1499,7.4989,15.6569,1621,778
Sass_Tunnel_3,1263,1686,13.3945,17.8486,1687,424
Sass_Weaves_1,822,1471,8.6636,15.4766,1472,650
Sass_Weaves_2,520,1123,5.4617,11.8269,1124,604
Sass_Weaves_3,869,1494,9.2006,15.7308,1495,626
Sass_Weaves_4,512,1129,5.3745,11.8677,1130,618
Tigger_Aframe_2,661,1207,6.8546,12.5183,1208,547
Tigger_Aframe_3,919,1442,9.6946,15.0989,1443,524
Tigger_Aframe_4,547,1248,5.6585,12.9165,1249,702
Tigger_Dogwalk_1,581,1276,5.9923,13.1747,1277,696
Tigger_Dogwalk_2,600,1151,6.1822,11.8678,1152,552
Tigger_Dogwalk_3,1113,1617,11.5176,16.6945,1618,505
Tigger_Dogwalk_4,959,1461,9.8814,15.0677,1462,503
Tigger_Flat_1,546,1102,5.7078,11.5169,1103,557
Tigger_Flat_2,821,1333,8.614,13.9659,1334,513
Tigger_Flat_3,447,851,4.7015,8.914,852,405
Tigger_Flat_4,572,941,5.9969,9.8648,942,370
Tigger_Flat_5,482,942,5.315,10.129,943,461
Tigger_Flat_6,546,983,5.7164,10.2896,984,438
Tigger_Jump_1,461,461,4.8438,4.8438,462,1
Tigger_Jump_2,2378,2378,43.6776,43.6776,2379,1
Tigger_Jump_3,1047,1047,10.9458,10.9458,1048,1
Tigger_Jump_4,1035,1035,11.0887,11.0887,1036,1
Tigger_Jump_5,985,985,10.3121,10.3121,986,1
Tigger_Jump_6,1337,1337,14.206,14.206,1338,1
Tigger_Teeter_1,1107,1583,11.4627,16.3664,1584,477
Tigger_Teeter_2,811,1353,8.4227,14.0283,1354,543
Tigger_Teeter_3,1057,1487,10.935,15.3658,1488,431
Tigger_Teeter_4,878,1318,9.192,13.6857,1319,441
Tigger_Tunnel_1,1252,1844,13.1683,19.3639,1845,593
Tigger_Tunnel_2,973,1398,10.2061,14.6485,1399,426
Tigger_Tunnel_3,782,1279,8.2333,13.4401,1280,498
Tigger_Weaves_1,686,1333,7.092,13.7798,1408,648
Tigger_Weaves_2,703,1288,7.2937,13.3445,1289,586
Tigger_Weaves_3,800,1358,8.3894,14.1057,1359,559
Tigger_Weaves_4,749,1289,7.7806,13.3467,1290,541
Vivi_Aframe_1,559,994,5.8519,10.422,995,436
Vivi_Aframe_2,773,1244,8.3728,13.2958,1245,472
Vivi_Aframe_3,1065,1540,11.1257,16.0875,1541,476
Vivi_Aframe_4,551,1200,5.762,12.5557,1201,650
Vivi_Aframe_5,294,985,3.077,10.333,1026,692
Vivi_Dogwalk_1,595,1156,6.228,12.0985,1157,562
Vivi_Dogwalk_2,504,1128,5.2717,11.8107,1129,625
Vivi_Dogwalk_3,367,987,3.8259,10.3134,988,621
Vivi_Dogwalk_4,284,965,2.9767,10.1047,966,682
Vivi_Flat_1,1125,1814,11.7983,19.0079,1815,690
Vivi_Flat_2,698,1288,7.3211,13.4961,1289,591
Vivi_Flat_3,509,1081,5.3472,11.3307,1082,573
Vivi_Flat_4,876,1483,9.1971,15.5572,1484,608
Vivi_Flat_5,355,779,3.7126,8.1543,780,425
Vivi_Flat_6,359,794,3.9427,8.5013,795,436
Vivi_Jump_1,267,759,2.7976,7.9503,760,493
Vivi_Jump_2,21,554,0.222,5.8045,555,534
Vivi_Jump_3,914,1314,9.5885,13.7842,1315,401
Vivi_Jump_4,251,687,2.6767,7.2583,688,437
Vivi_Jump_5,312,713,3.2666,7.4787,714,402
Vivi_Jump_6,300,729,3.131,7.6173,730,430
Vivi_Teeter_1,664,1136,6.961,11.8986,1137,473
Vivi_Teeter_2,867,1372,9.0791,14.3703,1373,506
Vivi_Teeter_3,414,1007,4.3305,10.5388,1008,594
Vivi_Teeter_4,360,855,3.7721,8.9597,856,496
Vivi_Tunnel_1,972,1386,10.224,14.5387,1387,415
Vivi_Tunnel_2,632,1112,6.6129,11.6425,1113,481
Vivi_Tunnel_3,808,1254,8.4746,13.1494,1255,447
Vivi_Weaves_2,481,1165,5.0842,12.2664,1166,685
Vivi_Weaves_3,749,1229,7.9868,13.0117,1230,481
Vivi_Weaves_4,438,978,4.6622,10.3121,979,541
Zazu_Aframe_1,1179,1783,12.3028,18.6532,1784,605
Zazu_Aframe_2,1293,1829,13.4989,19.0944,1830,537
Zazu_Aframe_3,490,1007,5.0982,10.4907,1008,518
Zazu_Aframe_4,566,1099,5.9039,11.472,1100,534
Zazu_Dogwalk_1,618,1285,6.5286,13.4924,1643,668
Zazu_Dogwalk_2,294,961,3.0803,10.0909,1230,668
Zazu_Dogwalk_3,172,839,1.7866,8.8001,1135,668
Zazu_Dogwalk_4,506,1173,5.3506,12.3227,1491,668
Zazu_Dogwalk_5,418,1085,4.4032,11.4129,1336,668
Zazu_Flat_1,884,1354,9.3046,14.2077,1355,471
Zazu_Flat_2,755,1160,8.0854,12.3208,1161,406
Zazu_Flat_3,804,1230,8.3988,12.8459,1231,427
Zazu_Flat_4,1735,2155,18.0833,22.4688,2156,421
Zazu_Flat_5,687,1084,7.1865,11.3306,1085,398
Zazu_Flat_6,709,1117,7.5801,11.8359,1118,409
Zazu_Jump_1,561,912,5.8645,9.5358,913,352
Zazu_Jump_2,698,1160,7.278,12.1056,1161,463
Zazu_Jump_3,585,959,6.1936,10.0886,960,375
Zazu_Jump_4,671,1095,7.4039,11.7738,1096,425
Zazu_Jump_5,539,998,5.6231,10.4242,999,460
Zazu_Jump_6,543,1015,5.6703,10.6087,1016,473
Zazu_Teeter_1,942,1436,10.2754,15.4347,1437,495
Zazu_Teeter_2,469,890,5.0326,9.436,891,422
Zazu_Teeter_3,762,1183,7.9809,12.3797,1184,422
Zazu_Teeter_4,759,1229,7.9557,12.8704,1230,471
Zazu_Tunnel_1,1985,2449,20.8279,25.679,2450,465
Zazu_Tunnel_2,536,931,5.6237,9.7437,932,396
Zazu_Tunnel_3,553,981,5.7755,10.2435,982,429
Zazu_Weaves_1,807,1445,8.4206,15.0947,1446,639
Zazu_Weaves_2,850,1503,8.9327,15.7785,1504,654
Zazu_Weaves_3,1177,1819,12.3467,19.0508,1820,643
Zazu_Weaves_4,1127,1734,11.7973,18.141,1735,608
